duration_seconds,total_energy_joules,avg_power_watts,cpu_energy_joules,avg_cpu_power_watts,dram_energy_joules,avg_dram_power_watts,total_energy_kwh,total_energy_cf,cpu_energy_kwh,cpu_energy_cf,dram_energy_kwh,dram_energy_cf,step
25.539196968078613,,,,,,,,,,,,,deploy
5.009342193603516,37.410000000000004,7.468046412914104,1.1520000000000001,0.22997031455966446,0.0,0.0,1.0391666666666667e-05,0.0038241333333333336,3.2000000000000006e-07,0.00011776000000000002,0.0,0.0,setup
788.8240993022919,278569.00200000004,353.14463927559,1547.7359999999999,1.9620800142502735,0.0,0.0,0.07738027833333334,28.47594242666667,0.00042992666666666666,0.15821301333333332,0.0,0.0,run
