{
    "deploy": {
        "duration_seconds": 35.45752716064453,
        "total_energy_joules": 50.271,
        "avg_power_watts": 1.4177807654843293,
        "total_energy_kwh": 1.3964166666666668e-05,
        "total_energy_cf": 0.0056554875000000004,
        "cpu_energy_joules": 1.434,
        "avg_cpu_power_watts": 0.04044275263480989,
        "cpu_energy_kwh": 3.983333333333333e-07,
        "cpu_energy_cf": 0.000161325,
        "dram_energy_joules": 0.0,
        "avg_dram_power_watts": 0.0,
        "dram_energy_kwh": 0.0,
        "dram_energy_cf": 0.0,
        "gpu_energy_joules": 0,
        "avg_gpu_power_watts": 0,
        "gpu_energy_kwh": 0,
        "gpu_energy_cf": 0
    },
    "setup": {
        "duration_seconds": 18.051619291305542,
        "total_energy_joules": 100.19099999999999,
        "avg_power_watts": 5.550250001575006,
        "total_energy_kwh": 2.783083333333333e-05,
        "total_energy_cf": 0.0112714875,
        "cpu_energy_joules": 3.0119999999999996,
        "avg_cpu_power_watts": 0.16685483730818054,
        "cpu_energy_kwh": 8.366666666666666e-07,
        "cpu_energy_cf": 0.00033884999999999997,
        "dram_energy_joules": 0.0,
        "avg_dram_power_watts": 0.0,
        "dram_energy_kwh": 0.0,
        "dram_energy_cf": 0.0,
        "gpu_energy_joules": 0,
        "avg_gpu_power_watts": 0,
        "gpu_energy_kwh": 0,
        "gpu_energy_cf": 0
    },
    "run": {
        "duration_seconds": 295.4673230648041,
        "total_energy_joules": 63723.783,
        "avg_power_watts": 215.67116911274698,
        "total_energy_kwh": 0.017701050833333336,
        "total_energy_cf": 7.168925587500001,
        "cpu_energy_joules": 632.568,
        "avg_cpu_power_watts": 2.140906796184905,
        "cpu_energy_kwh": 0.00017571333333333332,
        "cpu_energy_cf": 0.0711639,
        "dram_energy_joules": 0.0,
        "avg_dram_power_watts": 0.0,
        "dram_energy_kwh": 0.0,
        "dram_energy_cf": 0.0,
        "gpu_energy_joules": 0,
        "avg_gpu_power_watts": 0,
        "gpu_energy_kwh": 0,
        "gpu_energy_cf": 0,
        "network_transmit_bytes": 491729.0,
        "network_receive_bytes": 31820159.0
    },
    "total": {
        "duration_seconds": 348.97646951675415,
        "total_energy_joules": 63874.245,
        "avg_power_watts": 183.03309987762208,
        "total_energy_kwh": 0.017742845833333337,
        "total_energy_cf": 7.185852562500001,
        "cpu_energy_joules": 637.014,
        "avg_cpu_power_watts": 1.8253780860414641,
        "cpu_energy_kwh": 0.00017694833333333333,
        "cpu_energy_cf": 0.07166407500000001,
        "dram_energy_joules": 0.0,
        "avg_dram_power_watts": 0.0,
        "dram_energy_kwh": 0.0,
        "dram_energy_cf": 0.0,
        "step": "total"
    },
    "meta": {
        "epochs": 1,
        "adjusted_energy_joules": 63723783.0,
        "adjusted_carbon_footprint": 7168.925587500002,
        "PERCENT_VALID_EXAMPLES": "0.1",
        "BATCHSIZE": "128",
        "CLASSES": "10",
        "EPOCHS": "1"
    },
    "f1_score": 0.6796875
}