{
    "steps": {
        "deploy": {
            "duration_seconds": 33.565438985824585,
            "total_energy_joules": 33.516,
            "avg_power_watts": 0.9985270865712358,
            "total_energy_kwh": 9.309999999999999e-06,
            "total_energy_cf": 0.0032584999999999997,
            "cpu_energy_joules": 0.957,
            "avg_cpu_power_watts": 0.02851146980095097,
            "cpu_energy_kwh": 2.658333333333333e-07,
            "cpu_energy_cf": 9.304166666666666e-05,
            "dram_energy_joules": 0.0,
            "avg_dram_power_watts": 0.0,
            "dram_energy_kwh": 0.0,
            "dram_energy_cf": 0.0,
            "gpu_energy_joules": 0,
            "avg_gpu_power_watts": 0,
            "gpu_energy_kwh": 0,
            "gpu_energy_cf": 0,
            "network_receive_bytes": 446.0
        },
        "setup": {
            "duration_seconds": 18.049532413482666,
            "total_energy_joules": 3.189,
            "avg_power_watts": 0.17668047719717528,
            "total_energy_kwh": 8.858333333333334e-07,
            "total_energy_cf": 0.0003100416666666667,
            "cpu_energy_joules": 0.08999999999999997,
            "avg_cpu_power_watts": 0.004986278754388764,
            "cpu_energy_kwh": 2.4999999999999992e-08,
            "cpu_energy_cf": 8.749999999999998e-06,
            "dram_energy_joules": 0.0,
            "avg_dram_power_watts": 0.0,
            "dram_energy_kwh": 0.0,
            "dram_energy_cf": 0.0,
            "gpu_energy_joules": 0,
            "avg_gpu_power_watts": 0,
            "gpu_energy_kwh": 0,
            "gpu_energy_cf": 0,
            "network_transmit_bytes": 11374.0
        },
        "run": {
            "duration_seconds": 319.5786380767822,
            "total_energy_joules": 78495.726,
            "avg_power_watts": 245.6225687435984,
            "total_energy_kwh": 0.02180436833333333,
            "total_energy_cf": 7.6315289166666656,
            "cpu_energy_joules": 616.851,
            "avg_cpu_power_watts": 1.9302009787393701,
            "cpu_energy_kwh": 0.0001713475,
            "cpu_energy_cf": 0.059971625,
            "dram_energy_joules": 0.0,
            "avg_dram_power_watts": 0.0,
            "dram_energy_kwh": 0.0,
            "dram_energy_cf": 0.0,
            "gpu_energy_joules": 0,
            "avg_gpu_power_watts": 0,
            "gpu_energy_kwh": 0,
            "gpu_energy_cf": 0,
            "network_transmit_bytes": 515595.0
        },
        "undeploy": {
            "duration_seconds": 27.407975673675537,
            "total_energy_rate": 0.08803846153846161,
            "total_energy_kwh": 6.702655589427709e-07,
            "total_energy_cf": 0.00023459294562996983,
            "cpu_energy_rate": 0.00230769230769231,
            "cpu_energy_kwh": 1.7569215175433056e-08,
            "cpu_energy_cf": 6.149225311401569e-06,
            "dram_energy_rate": 0.0,
            "dram_energy_kwh": 0.0,
            "dram_energy_cf": 0.0,
            "network_transmit_bytes": -353217.0
        }
    },
    "total": {
        "duration_seconds": 398.601585149765,
        "total_energy_joules": 78532.431,
        "avg_power_watts": 197.01986626694753,
        "total_energy_kwh": 0.021814564166666665,
        "total_energy_cf": 7.635097458333332,
        "cpu_energy_joules": 617.898,
        "avg_cpu_power_watts": 1.5501644324064583,
        "cpu_energy_kwh": 0.00017163833333333335,
        "cpu_energy_cf": 0.060073416666666664,
        "dram_energy_joules": 0.0,
        "avg_dram_power_watts": 0.0,
        "dram_energy_kwh": 0.0,
        "dram_energy_cf": 0.0,
        "f1_score": 0.6692708134651184,
        "epochs": 1,
        "adjusted_energy_joules": 78495726.0,
        "adjusted_carbon_footprint": 7631.528916666665
    },
    "meta": {
        "PERCENT_VALID_EXAMPLES": "0.1",
        "BATCHSIZE": "128",
        "CLASSES": "10",
        "EPOCHS": "1",
        "hardware_info": [
            {
                "name": "kind-control-plane",
                "architecture": "amd64",
                "os_image": "Ubuntu 21.04",
                "kernel_version": "6.8.0-58-generic",
                "kubelet_version": "v1.21.1",
                "cpu_capacity": "16",
                "memory_capacity": "32567572Ki",
                "gpu_capacity": "0"
            }
        ]
    }
}