{
    "steps": {
        "deploy": {
            "duration_seconds": 42.957053899765015,
            "total_energy_joules": 49.359,
            "avg_power_watts": 1.1490313119510742,
            "total_energy_kwh": 1.3710833333333334e-05,
            "total_energy_cf": 0.0057174175,
            "cpu_energy_joules": 1.53,
            "avg_cpu_power_watts": 0.03561696767124827,
            "cpu_energy_kwh": 4.25e-07,
            "cpu_energy_cf": 0.000177225,
            "dram_energy_joules": 0.0,
            "avg_dram_power_watts": 0.0,
            "dram_energy_kwh": 0.0,
            "dram_energy_cf": 0.0,
            "gpu_energy_joules": 0,
            "avg_gpu_power_watts": 0,
            "gpu_energy_kwh": 0,
            "gpu_energy_cf": 0,
            "network_receive_bytes": 446.0
        },
        "setup": {
            "duration_seconds": 18.075826168060303,
            "total_energy_joules": 3.5700000000000003,
            "avg_power_watts": 0.19750134609659686,
            "total_energy_kwh": 9.916666666666668e-07,
            "total_energy_cf": 0.00041352500000000004,
            "cpu_energy_joules": 0.10199999999999987,
            "avg_cpu_power_watts": 0.005642895602759903,
            "cpu_energy_kwh": 2.8333333333333296e-08,
            "cpu_energy_cf": 1.1814999999999984e-05,
            "dram_energy_joules": 0.0,
            "avg_dram_power_watts": 0.0,
            "dram_energy_kwh": 0.0,
            "dram_energy_cf": 0.0,
            "gpu_energy_joules": 0,
            "avg_gpu_power_watts": 0,
            "gpu_energy_kwh": 0,
            "gpu_energy_cf": 0,
            "network_transmit_bytes": 11304.0
        },
        "run": {
            "duration_seconds": 565.0185046195984,
            "total_energy_joules": 108701.397,
            "avg_power_watts": 192.38555217440847,
            "total_energy_kwh": 0.030194832499999998,
            "total_energy_cf": 12.591245152499999,
            "cpu_energy_joules": 996.6360000000001,
            "avg_cpu_power_watts": 1.7638997516921864,
            "cpu_energy_kwh": 0.00027684333333333335,
            "cpu_energy_cf": 0.11544367000000001,
            "dram_energy_joules": 0.0,
            "avg_dram_power_watts": 0.0,
            "dram_energy_kwh": 0.0,
            "dram_energy_cf": 0.0,
            "gpu_energy_joules": 0,
            "avg_gpu_power_watts": 0,
            "gpu_energy_kwh": 0,
            "gpu_energy_cf": 0,
            "network_transmit_bytes": 365150.0
        }
    },
    "total": {
        "duration_seconds": 626.0513846874237,
        "total_energy_joules": 108754.326,
        "avg_power_watts": 173.71469604575526,
        "total_energy_kwh": 0.030209535,
        "total_energy_cf": 12.597376095,
        "cpu_energy_joules": 998.268,
        "avg_cpu_power_watts": 1.5945464292813878,
        "cpu_energy_kwh": 0.0002772966666666667,
        "cpu_energy_cf": 0.11563271000000001,
        "dram_energy_joules": 0.0,
        "avg_dram_power_watts": 0.0,
        "dram_energy_kwh": 0.0,
        "dram_energy_cf": 0.0,
        "f1_score": 0.6588541865348816
    },
    "meta": {
        "epochs": 1,
        "adjusted_energy_joules": 108701397.0,
        "adjusted_carbon_footprint": 12591.2451525,
        "PERCENT_VALID_EXAMPLES": "0.1",
        "BATCHSIZE": "128",
        "CLASSES": "10",
        "EPOCHS": "1",
        "hardware_info": [
            {
                "name": "kind-control-plane",
                "architecture": "amd64",
                "os_image": "Ubuntu 21.04",
                "kernel_version": "6.8.0-58-generic",
                "kubelet_version": "v1.21.1",
                "cpu_capacity": "16",
                "memory_capacity": "32567572Ki",
                "gpu_capacity": "0"
            }
        ]
    }
}