duration_seconds,step
19.007036447525024,deploy
3.014289140701294,setup
779.1678531169891,run
