{
    "deploy": {
        "duration_seconds": 46.552409648895264,
        "total_energy_joules": 50.7,
        "avg_power_watts": 1.0890950733245914,
        "total_energy_kwh": 1.4083333333333335e-05,
        "total_energy_cf": 0.005802333333333334,
        "cpu_energy_joules": 1.545,
        "avg_cpu_power_watts": 0.033188400163441684,
        "cpu_energy_kwh": 4.2916666666666665e-07,
        "cpu_energy_cf": 0.00017681666666666666,
        "dram_energy_joules": 0.0,
        "avg_dram_power_watts": 0.0,
        "dram_energy_kwh": 0.0,
        "dram_energy_cf": 0.0,
        "gpu_energy_joules": 0,
        "avg_gpu_power_watts": 0,
        "gpu_energy_kwh": 0,
        "gpu_energy_cf": 0
    },
    "setup": {
        "duration_seconds": 18.063799619674683,
        "total_energy_joules": 115.67999999999999,
        "avg_power_watts": 6.403968292141812,
        "total_energy_kwh": 3.213333333333333e-05,
        "total_energy_cf": 0.013238933333333333,
        "cpu_energy_joules": 2.9640000000000004,
        "avg_cpu_power_watts": 0.16408507968454647,
        "cpu_energy_kwh": 8.233333333333334e-07,
        "cpu_energy_cf": 0.00033921333333333337,
        "dram_energy_joules": 0.0,
        "avg_dram_power_watts": 0.0,
        "dram_energy_kwh": 0.0,
        "dram_energy_cf": 0.0,
        "gpu_energy_joules": 0,
        "avg_gpu_power_watts": 0,
        "gpu_energy_kwh": 0,
        "gpu_energy_cf": 0,
        "network_transmit_bytes": 11304.0,
        "network_receive_bytes": 21580.0
    },
    "run": {
        "duration_seconds": 339.85257506370544,
        "total_energy_joules": 75199.302,
        "avg_power_watts": 221.27036108496122,
        "total_energy_kwh": 0.020888695,
        "total_energy_cf": 8.60614234,
        "cpu_energy_joules": 778.542,
        "avg_cpu_power_watts": 2.290822718804064,
        "cpu_energy_kwh": 0.00021626166666666668,
        "cpu_energy_cf": 0.08909980666666667,
        "dram_energy_joules": 0.0,
        "avg_dram_power_watts": 0.0,
        "dram_energy_kwh": 0.0,
        "dram_energy_cf": 0.0,
        "gpu_energy_joules": 0,
        "avg_gpu_power_watts": 0,
        "gpu_energy_kwh": 0,
        "gpu_energy_cf": 0,
        "network_transmit_bytes": 693792.0,
        "network_receive_bytes": 63453674.0
    },
    "total": {
        "duration_seconds": 404.4687843322754,
        "total_energy_joules": 75365.682,
        "avg_power_watts": 186.3325055465499,
        "total_energy_kwh": 0.020934911666666667,
        "total_energy_cf": 8.625183606666667,
        "cpu_energy_joules": 783.051,
        "avg_cpu_power_watts": 1.9359985994783602,
        "cpu_energy_kwh": 0.00021751416666666667,
        "cpu_energy_cf": 0.08961583666666667,
        "dram_energy_joules": 0.0,
        "avg_dram_power_watts": 0.0,
        "dram_energy_kwh": 0.0,
        "dram_energy_cf": 0.0,
        "step": "total"
    },
    "f1_score": 0.6848958134651184
}